basari_sirasi,tyt_turkce,tyt_matematik,tyt_sosyal,tyt_fen,toplam_net
389.0,35.8,35.8,17.9,16.7,106.2
279.0,34.9,38.9,17.9,18.8,110.5
215.0,34.2,38.3,17.5,17.9,107.9
791.0,35.4,32.9,15.8,15.4,99.5
918.0,36.0,35.1,15.4,18.1,104.6
1244.0,34.2,34.3,15.8,16.6,100.9
1707.0,35.1,31.9,15.9,14.8,97.7
1656.0,34.4,29.6,17.1,17.2,98.3
2120.0,34.4,32.9,14.6,12.0,93.9
1691.0,34.5,30.8,15.8,13.7,94.8
1874.0,33.9,30.4,16.1,15.4,95.8
1507.0,33.8,33.1,16.1,15.1,98.1
2067.0,32.8,29.0,15.4,12.8,90.0
2166.0,35.2,28.1,16.1,12.4,91.8
3248.0,32.4,28.3,14.5,12.1,87.3
2380.0,34.2,27.5,15.4,11.6,88.7
2943.0,33.8,26.6,15.6,13.5,89.5
2364.0,34.1,29.2,15.4,13.0,91.7
2617.0,33.7,26.9,15.5,11.5,87.6
3112.0,33.4,27.2,15.3,14.6,90.5
2513.0,33.3,29.6,16.2,13.1,92.2
3686.0,33.3,22.3,15.5,10.7,81.8
3682.0,33.5,24.1,15.1,11.9,84.60000000000001
3656.0,33.6,25.9,15.4,10.2,85.10000000000001
3123.0,33.8,24.7,15.1,9.4,83.0
3939.0,33.3,23.9,15.5,11.4,84.1
3142.0,33.3,26.7,15.6,11.3,86.89999999999999
2858.0,33.8,27.4,15.3,10.5,87.0
3986.0,33.2,25.3,14.5,11.5,84.5
3485.0,33.0,25.6,14.4,10.7,83.7
3558.0,33.7,23.6,15.4,8.8,81.5
4025.0,33.0,24.1,15.3,11.3,83.7
4605.0,32.9,24.3,14.6,11.1,82.89999999999999
3304.0,31.0,24.6,15.8,8.5,79.9
4086.0,34.5,25.2,16.0,14.3,90.0
4334.0,35.5,20.8,14.8,8.8,79.89999999999999
3822.0,32.7,27.2,13.9,11.1,84.9
4126.0,31.6,25.2,14.8,13.4,85.0
5134.0,33.1,28.7,13.6,10.4,85.8
5540.0,33.3,19.4,15.6,8.4,76.7
4226.0,33.0,25.7,14.3,16.3,89.3
6211.0,30.8,18.3,12.3,10.4,71.80000000000001
3376.0,33.3,24.2,14.9,9.8,82.2
4347.0,32.8,23.8,14.7,11.7,83.0
4710.0,32.6,23.7,14.5,10.2,81.0
4729.0,32.5,22.4,12.6,7.6,75.1
4909.0,33.6,24.0,15.2,9.8,82.6
6452.0,30.6,25.3,13.0,5.9,74.80000000000001
3844.0,32.2,23.1,13.6,8.0,76.9
5463.0,32.7,18.7,14.8,11.1,77.3
5003.0,32.6,24.3,13.3,9.2,79.4
3970.0,33.2,20.9,14.9,8.4,77.4
5492.0,32.9,19.6,15.1,9.4,77.0
5971.0,31.8,20.6,14.0,7.6,74.0
4660.0,33.0,21.1,14.3,8.1,76.5
5936.0,31.8,20.6,14.8,10.0,77.2
5467.0,32.9,21.6,14.4,8.7,77.60000000000001
4545.0,32.5,21.0,14.6,7.7,75.8
6002.0,33.1,19.4,15.2,8.0,75.7
7071.0,31.9,18.9,14.2,7.3,72.3
6731.0,30.2,16.5,11.8,4.2,62.7
6052.0,33.8,18.8,16.3,0.5,69.39999999999999
8453.0,27.0,10.0,16.3,10.5,63.8
6617.0,32.4,16.8,14.8,9.3,73.3
6513.0,32.8,18.2,14.1,8.6,73.69999999999999
4272.0,30.3,27.3,17.1,11.2,85.9
3943.0,33.6,24.6,15.5,9.4,83.10000000000001
6601.0,32.3,22.4,13.9,9.5,78.1
4559.0,33.2,22.0,14.0,11.3,80.5
3423.0,27.5,31.8,12.8,12.8,84.89999999999999
6641.0,35.0,7.8,15.0,11.8,69.6
4763.0,35.3,14.5,12.5,13.8,76.1
6959.0,33.0,16.0,14.1,3.1,66.2
6793.0,32.3,18.6,16.1,6.6,73.6
8650.0,28.9,21.8,14.9,7.4,73.00000000000001
5544.0,32.6,21.0,13.8,6.1,73.5
6856.0,31.0,17.5,15.6,9.7,73.8
7141.0,31.7,19.4,13.6,7.9,72.6
6825.0,33.3,16.5,14.8,7.3,71.89999999999999
6877.0,31.9,20.3,14.8,10.3,77.3
5665.0,31.9,26.8,15.7,12.2,86.60000000000001
5588.0,32.7,18.7,14.8,7.5,73.7
6960.0,32.4,18.8,14.2,8.0,73.4
6386.0,32.6,19.1,14.4,7.3,73.4
5791.0,32.0,19.2,14.3,6.9,72.4
7101.0,32.3,19.4,14.7,7.4,73.8
7256.0,31.4,19.7,13.9,7.9,72.9
5671.0,32.9,17.3,14.4,7.4,72.00000000000001
7283.0,31.5,17.6,15.9,5.4,70.4
5135.0,33.3,23.7,15.7,5.9,78.60000000000001
6033.0,32.5,17.7,14.7,6.7,71.60000000000001
7541.0,32.6,17.0,14.4,7.3,71.3
8301.0,32.3,16.2,14.0,5.8,68.3
8877.0,34.8,5.0,12.2,7.8,59.8
8346.0,30.8,14.9,13.4,7.1,66.2
6113.0,26.0,15.5,11.8,13.0,66.3
7063.0,32.3,15.8,14.3,5.0,67.39999999999999
8537.0,31.3,17.9,14.1,5.6,68.9
8896.0,30.8,16.4,13.1,6.3,66.60000000000001
6772.0,32.9,15.7,14.2,7.6,70.39999999999999
8568.0,32.9,13.9,14.6,7.5,68.9
8008.0,31.9,22.7,14.7,6.8,76.1
5585.0,32.4,20.0,14.8,7.9,75.10000000000001
8636.0,32.1,16.5,14.7,7.5,70.8
8075.0,31.6,17.2,13.2,6.1,68.1
6705.0,32.3,17.8,13.6,6.2,69.89999999999999
8659.0,27.9,22.5,13.9,11.0,75.3
10540.0,30.6,15.5,13.5,6.7,66.3
7229.0,32.5,16.7,14.5,5.8,69.5
8736.0,31.9,17.4,14.5,6.0,69.8
7661.0,32.0,19.6,14.2,6.6,72.39999999999999
6014.0,32.5,18.0,15.1,7.6,73.19999999999999
9229.0,31.6,18.3,14.2,6.1,70.2
10012.0,31.7,15.1,13.8,5.6,66.19999999999999
7583.0,31.6,19.9,12.5,3.2,67.2
9248.0,29.9,17.7,13.2,8.1,68.89999999999999
8387.0,31.6,17.6,12.9,6.9,69.0
6594.0,32.3,17.4,14.6,6.8,71.1
9285.0,31.7,16.3,14.5,6.0,68.5
7803.0,31.3,18.6,14.1,5.8,69.8
7049.0,32.6,16.6,14.2,5.5,68.9
9287.0,31.1,16.3,14.2,5.1,66.7
11192.0,30.0,14.4,13.0,4.6,62.0
5699.0,35.2,18.9,14.2,5.2,73.5
9400.0,31.4,14.8,15.2,4.4,65.80000000000001
9379.0,33.9,13.5,14.1,5.2,66.7
7727.0,33.2,14.9,14.3,6.2,68.60000000000001
9415.0,29.5,14.3,13.0,4.8,61.6
9753.0,32.1,16.4,14.9,4.4,67.8
8709.0,32.2,17.7,13.8,6.0,69.7
9743.0,31.9,16.7,13.9,7.1,69.6
11399.0,29.9,18.6,12.4,5.7,66.6
8253.0,31.9,14.7,12.7,6.0,65.3
9781.0,28.9,18.4,13.8,6.4,67.5
10364.0,32.8,19.8,11.3,4.6,68.49999999999999
12706.0,31.5,12.8,15.0,5.9,65.2
10122.0,30.8,10.6,13.0,4.0,58.4
15782.0,30.4,11.8,12.9,2.3,57.4
15057.0,30.6,14.1,12.9,4.9,62.5
10366.0,31.1,18.2,14.2,8.9,72.4
9718.0,31.5,18.2,13.8,8.6,72.1
9709.0,31.7,16.3,13.3,6.5,67.8
10478.0,30.2,17.6,13.8,5.8,67.39999999999999
11650.0,31.0,18.5,12.4,4.8,66.7
7565.0,32.9,15.7,14.2,5.7,68.5
10652.0,31.9,15.2,13.6,5.3,66.0
10061.0,31.2,14.3,14.0,5.8,65.3
8432.0,32.0,14.7,14.2,4.9,65.80000000000001
10794.0,31.5,14.6,14.2,5.4,65.7
10793.0,30.6,15.8,12.9,5.2,64.5
8187.0,32.3,14.4,14.6,5.0,66.3
10964.0,31.6,15.3,13.6,4.1,64.60000000000001
12055.0,30.8,13.2,13.0,4.7,61.7
7611.0,32.3,16.5,13.8,5.7,68.3
11219.0,31.3,15.2,14.2,4.3,65.0
11074.0,31.0,14.4,13.3,5.4,64.10000000000001
8635.0,31.4,16.8,13.8,4.7,66.7
11298.0,30.9,14.6,13.8,3.8,63.1
9951.0,31.1,15.4,13.3,5.0,64.8
9876.0,31.5,10.4,12.7,5.1,59.7
11311.0,32.1,16.4,13.5,3.8,65.8
11521.0,30.8,12.8,13.4,2.5,59.5
8686.0,31.9,16.2,13.9,5.5,67.5
11332.0,31.1,16.6,13.8,6.3,67.8
13437.0,31.0,13.6,13.2,4.6,62.4
9232.0,31.8,11.7,13.5,6.1,63.1
11403.0,33.5,17.2,14.4,4.6,69.7
11385.0,31.8,13.8,12.9,5.3,63.8
9964.0,30.1,12.2,15.0,4.4,61.7
11558.0,33.1,15.7,12.7,4.4,65.9
11844.0,30.4,10.6,13.0,5.0,59.0
11319.0,31.7,14.1,13.7,4.1,63.6
11576.0,29.8,17.0,14.0,5.3,66.1
11257.0,31.8,16.6,13.8,5.3,67.5
9370.0,32.0,16.2,13.7,2.7,64.60000000000001
11791.0,31.0,15.8,14.5,6.3,67.6
8657.0,32.1,19.4,13.0,5.8,70.3
8525.0,31.2,14.9,14.2,4.2,64.5
12141.0,31.3,14.1,13.5,4.4,63.3
11661.0,31.1,14.2,13.3,3.9,62.49999999999999
36174.0,27.7,9.1,14.1,1.0,51.9
12471.0,30.3,13.3,15.9,3.2,62.7
19658.0,23.9,10.8,10.1,0.8,45.6
8993.0,31.5,15.6,13.7,3.8,64.6
12598.0,30.7,13.2,13.0,2.8,59.7
12186.0,30.5,11.8,12.7,3.4,58.4
10910.0,31.6,12.6,13.9,4.5,62.6
12823.0,31.5,13.2,13.1,3.3,61.1
13909.0,30.0,11.1,12.2,3.6,56.9
9762.0,33.0,16.7,12.6,4.2,66.5
12827.0,27.6,16.2,13.0,8.4,65.2
12065.0,31.5,15.3,13.3,4.6,64.69999999999999
11338.0,31.5,13.2,13.0,4.4,62.1
12869.0,30.9,13.2,13.7,3.0,60.8
12194.0,30.8,13.4,12.8,4.1,61.1
10036.0,31.2,13.3,14.2,4.0,62.7
12977.0,29.3,14.7,12.6,5.9,62.5
13161.0,29.2,10.1,13.5,3.2,56.0
12851.0,30.3,13.3,13.6,3.8,61.0
13220.0,30.5,15.5,13.7,3.8,63.5
13769.0,29.9,15.7,11.7,4.8,62.1
16158.0,28.7,9.5,13.4,2.8,54.4
13441.0,29.9,15.8,14.0,1.7,61.400000000000006
9469.0,32.1,12.9,14.5,3.1,62.6
12305.0,31.2,14.2,13.4,4.1,62.9
13593.0,30.0,12.6,13.2,3.3,59.1
14027.0,30.4,14.8,13.1,4.7,63.00000000000001
11599.0,31.5,13.9,13.3,3.3,62.0
13711.0,30.9,14.5,13.3,2.9,61.6
13215.0,31.4,13.0,13.2,2.9,60.49999999999999
11900.0,29.9,14.0,15.0,1.8,60.7
13801.0,26.8,13.4,12.3,3.7,56.2
14432.0,30.7,9.7,13.0,3.8,57.2
10953.0,31.5,11.9,13.9,4.4,61.7
13963.0,30.2,12.5,13.0,2.5,58.2
15304.0,30.6,10.3,12.8,2.2,55.900000000000006
12836.0,30.3,13.4,13.0,4.4,61.1
14099.0,28.2,16.7,10.8,5.0,60.7
11052.0,30.4,21.5,10.4,4.7,67.0
10814.0,29.6,15.8,14.4,4.5,64.30000000000001
14175.0,29.9,14.6,13.6,3.4,61.5
13744.0,30.7,9.5,11.2,5.2,56.60000000000001
9539.0,32.4,14.0,14.0,4.2,64.6
14311.0,30.7,13.4,13.4,3.5,61.0
13455.0,31.0,11.0,12.9,3.7,58.6
12348.0,31.8,12.1,13.7,4.6,62.2
14407.0,29.8,13.7,13.4,3.6,60.5
14604.0,29.2,12.1,12.3,4.5,58.1
13809.0,30.7,11.7,11.8,1.7,55.900000000000006
14521.0,27.4,11.5,12.8,3.1,54.8
14462.0,30.5,10.4,13.6,1.6,56.1
12974.0,30.6,12.8,14.2,3.4,61.00000000000001
14650.0,32.9,16.8,14.7,4.9,69.30000000000001
8758.0,33.4,16.1,14.6,6.2,70.3
13731.0,31.1,12.8,14.1,3.7,61.70000000000001
14695.0,29.7,16.7,12.5,5.0,63.9
11986.0,30.5,14.6,13.3,4.3,62.7
10524.0,31.4,12.7,13.7,4.0,61.8
14827.0,31.0,13.7,13.3,3.6,61.6
12392.0,30.4,12.9,12.4,4.5,60.2
11843.0,31.6,14.5,13.2,3.9,63.2
15960.0,30.3,13.9,13.0,4.1,61.3
15227.0,28.8,14.8,12.8,4.3,60.7
15212.0,29.9,14.4,12.8,3.5,60.6
13312.0,31.1,13.8,13.2,4.4,62.50000000000001
15239.0,29.9,13.8,13.0,4.4,61.1
17248.0,29.4,12.4,12.2,3.9,57.9
10983.0,32.0,13.1,14.0,4.5,63.6
15509.0,30.4,13.2,13.6,3.6,60.8
14795.0,30.0,12.3,12.8,3.4,58.49999999999999
13985.0,30.7,12.9,13.4,3.7,60.7
15556.0,29.5,13.2,12.6,3.1,58.400000000000006
13275.0,31.9,13.7,13.0,3.3,61.89999999999999
10932.0,31.4,13.2,13.2,3.6,61.4
15560.0,31.1,11.2,13.1,2.9,58.3
14465.0,30.3,11.3,11.8,2.2,55.60000000000001
14688.0,30.5,13.1,13.6,2.9,60.1
15611.0,29.2,11.3,11.6,2.0,54.1
12396.0,32.0,12.7,13.7,4.2,62.60000000000001
15634.0,29.3,14.7,13.0,3.9,60.9
14964.0,30.3,11.3,13.0,4.7,59.3
12772.0,31.0,13.0,13.3,4.0,61.3
15652.0,30.9,11.8,13.2,2.6,58.50000000000001
15067.0,30.0,12.8,12.1,3.4,58.3
15256.0,30.3,11.2,12.5,3.5,57.5
15713.0,30.9,12.8,13.8,2.8,60.3
14864.0,31.5,13.5,13.2,3.7,61.900000000000006
12427.0,28.4,13.8,13.3,4.6,60.1
15724.0,30.0,15.0,13.3,6.8,65.1
12685.0,29.9,14.6,13.2,6.1,63.8
15898.0,30.3,14.0,13.4,3.3,60.99999999999999
14318.0,30.4,12.7,14.1,3.3,60.49999999999999
15895.0,31.0,10.1,13.6,3.1,57.8
14235.0,28.8,14.0,12.6,4.2,59.6
13326.0,31.4,11.4,11.6,2.2,56.6
15955.0,26.7,12.8,14.0,2.8,56.3
13134.0,29.3,11.4,12.9,4.4,58.0
35600.0,22.8,5.0,10.2,0.0,38.0
16116.0,29.3,16.3,4.0,8.5,58.1
15091.0,27.0,9.2,12.7,3.8,52.7
16143.0,30.3,12.2,12.2,4.7,59.400000000000006
14391.0,31.3,8.9,11.3,1.7,53.2
13877.0,30.4,12.1,13.2,3.1,58.8
16175.0,29.7,15.5,13.2,3.1,61.50000000000001
16920.0,29.9,12.7,12.6,3.6,58.8
12916.0,31.5,13.1,13.0,3.5,61.1
16324.0,29.9,14.2,13.6,3.0,60.7
18551.0,29.4,11.3,12.4,3.3,56.4
13388.0,30.2,11.1,13.3,2.6,57.2
16363.0,28.5,11.8,12.8,2.3,55.39999999999999
17265.0,29.5,10.9,11.8,2.9,55.1
13728.0,31.1,9.9,12.0,2.1,55.1
16420.0,30.8,11.9,13.3,2.1,58.1
12810.0,28.9,9.8,12.6,3.2,54.50000000000001
15111.0,31.1,10.1,13.2,2.3,56.7
16609.0,31.4,9.9,14.0,1.5,56.8
15472.0,29.1,12.4,11.6,3.5,56.6
16396.0,29.2,9.8,12.8,2.8,54.6
16753.0,29.6,11.3,12.1,2.5,55.50000000000001
15901.0,30.2,12.4,12.4,2.8,57.8
14546.0,30.2,10.9,13.4,3.7,58.2
16896.0,28.9,13.9,13.8,3.8,60.39999999999999
20342.0,28.5,11.8,12.0,3.2,55.5
14178.0,30.7,10.5,12.9,2.4,56.5
16918.0,30.1,10.3,13.2,2.7,56.30000000000001
17186.0,29.1,8.8,11.8,2.7,52.400000000000006
12158.0,31.8,14.2,14.4,5.8,66.2
17020.0,28.0,12.5,12.8,4.7,58.0
13614.0,29.8,11.6,13.5,2.8,57.7
18422.0,31.7,13.7,12.6,2.6,60.6
17031.0,29.9,16.2,13.0,3.9,62.99999999999999
16317.0,30.2,17.6,13.0,3.2,64.0
15600.0,30.4,7.8,11.4,2.8,52.39999999999999
17036.0,29.5,9.4,14.1,1.1,54.1
17620.0,26.8,8.0,11.1,2.8,48.7
18635.0,31.8,12.8,13.5,3.1,61.2
17102.0,29.4,13.0,11.8,3.3,57.5
15062.0,29.3,6.8,12.3,5.2,53.60000000000001
12766.0,31.6,13.0,13.9,2.9,61.4
17144.0,30.2,12.3,13.3,3.7,59.5
15867.0,30.4,11.3,13.1,3.4,58.2
12868.0,31.6,11.8,14.1,3.6,61.10000000000001
13378.0,31.1,11.5,13.6,3.3,59.5
13558.0,31.0,12.7,13.1,2.7,59.50000000000001
17388.0,29.2,12.2,13.0,3.4,57.8
15520.0,29.6,12.1,12.5,2.6,56.8
16266.0,30.5,12.2,13.4,2.9,59.0
17468.0,28.9,13.4,13.2,4.2,59.7
16903.0,29.2,9.9,11.7,3.4,54.2
13282.0,30.3,14.1,12.9,5.1,62.4
17548.0,28.4,11.7,12.9,2.7,55.7
19890.0,29.0,9.7,12.6,2.8,54.1
13799.0,28.9,13.2,11.0,4.1,57.2
17566.0,30.0,12.0,11.6,6.7,60.3
13624.0,30.8,9.6,13.8,3.7,57.900000000000006
24688.0,28.5,8.1,11.1,1.2,48.900000000000006
17616.0,31.6,18.9,15.8,6.7,73.0
5852.0,31.5,18.4,15.6,11.8,77.3
14245.0,30.4,13.8,13.0,4.1,61.3
17877.0,27.6,13.3,11.1,0.8,52.8
14434.0,29.0,12.4,13.4,4.6,59.4
15572.0,31.1,12.8,13.2,4.2,61.30000000000001
17953.0,30.4,13.2,12.8,3.8,60.19999999999999
19699.0,29.9,9.6,12.2,3.0,54.7
15561.0,30.3,12.3,13.0,3.2,58.8
17965.0,28.8,11.8,13.2,3.4,57.2
17281.0,29.7,11.3,12.1,2.5,55.6
16512.0,29.5,11.5,11.5,1.3,53.8
18011.0,29.9,9.9,13.9,6.3,59.99999999999999
17318.0,27.3,14.1,12.5,1.8,55.7
13220.0,30.9,11.7,13.5,3.2,59.3
18017.0,29.5,11.0,13.0,2.7,56.2
16015.0,30.1,11.5,12.2,2.8,56.6
67971.0,13.8,5.8,5.0,4.8,29.4
18033.0,36.3,3.5,16.3,2.0,58.1
17184.0,25.5,12.7,10.1,0.5,48.8
18202.0,31.1,14.5,14.5,1.6,61.7
14028.0,27.7,26.6,9.9,3.9,68.10000000000001
17176.0,30.3,10.4,11.7,3.5,55.900000000000006
18226.0,27.6,12.0,12.8,1.9,54.3
17414.0,30.9,11.6,10.2,2.4,55.1
15283.0,30.1,10.9,12.4,3.0,56.4
18294.0,29.6,11.9,12.5,2.3,56.3
17488.0,29.0,11.1,12.3,4.5,56.900000000000006
14009.0,31.6,11.9,13.8,3.4,60.7
18399.0,30.3,11.4,13.1,3.4,58.2
17777.0,29.7,11.1,12.8,3.4,56.99999999999999
18178.0,29.5,7.6,11.8,0.4,49.3
18575.0,28.7,11.4,12.5,2.6,55.2
17820.0,28.4,11.5,8.9,5.6,54.4
16531.0,30.0,13.8,15.4,2.2,61.4
18695.0,29.3,9.1,14.1,1.2,53.7
12769.0,25.4,16.1,12.1,8.5,62.1
15252.0,30.6,9.9,12.8,2.2,55.5
18802.0,29.6,12.4,13.0,2.2,57.2
19820.0,29.3,8.1,11.7,2.3,51.39999999999999
15245.0,30.2,10.2,13.5,2.9,56.8
18950.0,28.9,11.8,12.5,3.1,56.3
18019.0,28.5,11.0,11.7,3.2,54.400000000000006
16791.0,29.1,11.0,12.1,2.9,55.1
18489.0,30.2,10.0,12.4,2.7,55.3
19055.0,27.4,12.6,12.3,2.3,54.6
22359.0,27.7,9.6,11.4,1.9,50.6
21315.0,30.1,12.5,12.5,3.4,58.5
19077.0,28.7,12.9,12.1,3.8,57.5
19518.0,29.6,9.6,11.0,1.9,52.1
18625.0,26.4,8.3,13.8,1.8,50.3
19098.0,29.8,14.5,13.4,2.2,59.9
16011.0,27.8,11.2,15.1,3.2,57.3
14011.0,30.7,11.4,12.6,2.2,56.900000000000006
19100.0,29.5,11.5,13.0,1.8,55.8
17229.0,29.8,10.0,12.7,2.9,55.4
18120.0,29.7,9.1,12.5,2.6,53.9
19179.0,28.5,9.8,12.7,2.1,53.1
18434.0,28.2,10.9,11.8,3.5,54.400000000000006
19363.0,27.7,7.0,11.8,1.8,48.3
19308.0,26.6,11.9,10.3,4.4,53.2
19816.0,26.7,9.3,12.6,5.4,54.0
18331.0,30.9,5.5,9.1,3.4,48.9
19366.0,28.5,9.3,12.3,1.3,51.39999999999999
19790.0,27.6,8.4,12.6,2.8,51.4
14370.0,31.2,9.6,13.2,2.5,56.5
19389.0,29.4,12.3,12.9,2.5,57.1
17350.0,29.3,11.6,11.8,3.1,55.8
13832.0,31.1,13.1,13.3,3.6,61.1
19582.0,30.1,12.4,13.0,2.5,58.0
17579.0,29.9,11.1,12.4,3.1,56.5
18099.0,28.8,9.1,12.0,1.0,50.9
19930.0,28.4,9.8,10.2,1.3,49.7
18084.0,27.6,12.1,9.3,2.5,51.5
18279.0,29.1,7.1,12.0,1.3,49.5
19972.0,26.5,11.0,12.3,3.5,53.3
18737.0,27.2,12.0,13.0,2.1,54.3
20044.0,25.7,8.0,13.4,3.1,50.2
16596.0,30.9,10.4,13.4,3.0,57.7
19070.0,28.8,9.0,11.9,2.1,51.8
20263.0,29.4,12.4,12.8,1.8,56.39999999999999
19541.0,27.8,8.2,11.3,2.3,49.6
19226.0,28.2,10.0,12.5,4.9,55.6
18987.0,29.4,10.1,12.9,3.2,55.6
20534.0,28.6,11.5,13.4,2.6,56.1
20439.0,28.5,10.8,12.3,3.2,54.8
17551.0,32.6,6.6,11.1,0.6,50.900000000000006
20669.0,26.5,11.8,12.3,4.1,54.7
17925.0,26.1,17.5,12.0,2.6,58.2
14659.0,31.2,10.9,14.0,2.9,59.0
20748.0,29.2,11.4,13.1,2.8,56.5
18501.0,28.8,9.4,12.3,2.6,53.1
17495.0,30.7,9.5,13.0,2.4,55.6
20826.0,28.7,9.7,12.6,2.2,53.2
23556.0,28.3,10.9,11.6,2.7,53.50000000000001
15685.0,30.1,12.3,13.7,2.9,59.00000000000001
20860.0,29.5,10.4,12.4,1.7,54.0
17947.0,29.2,10.6,11.7,3.5,55.0
19253.0,28.4,7.6,13.2,5.6,54.8
20956.0,27.5,13.4,12.1,3.0,56.0
18335.0,30.2,11.6,12.7,3.2,57.7
20971.0,28.6,10.5,12.6,1.6,53.3
24230.0,26.4,9.0,10.7,2.6,48.7
20621.0,29.4,9.0,11.7,2.6,52.7
21054.0,28.2,10.6,12.1,2.2,53.1
23525.0,27.2,7.7,10.7,2.5,48.1
19694.0,29.2,9.0,12.0,2.4,52.6
21055.0,28.4,12.0,12.3,2.2,54.900000000000006
20034.0,28.6,8.7,12.5,2.9,52.7
18892.0,29.7,9.0,12.6,1.8,53.1
16503.0,30.5,9.5,13.0,2.8,55.8
21311.0,29.5,10.0,12.6,1.5,53.6
19932.0,29.6,8.3,11.2,2.4,51.50000000000001
16226.0,32.0,11.8,13.3,3.2,60.3
21426.0,30.2,12.8,13.1,3.0,59.1
19758.0,29.8,10.5,12.3,3.2,55.8
19601.0,29.8,10.3,12.5,2.6,55.2
21440.0,29.0,11.4,11.9,2.7,55.0
25049.0,28.2,9.7,11.6,3.0,52.5
19099.0,29.1,9.8,13.0,3.0,54.900000000000006
21591.0,27.7,9.8,12.1,2.1,51.7
23941.0,28.3,7.1,11.2,2.0,48.6
16262.0,30.2,10.6,13.7,2.6,57.1
21812.0,28.8,10.7,12.7,2.8,55.0
19913.0,28.5,9.0,11.6,2.8,51.9
20640.0,27.8,10.3,11.3,2.1,51.50000000000001
21859.0,28.0,9.3,12.9,1.7,51.9
19146.0,29.5,9.8,12.1,3.2,54.6
21877.0,28.0,10.8,12.1,2.5,53.4
23090.0,28.8,8.6,11.5,2.5,51.4
16804.0,30.6,9.3,13.4,3.3,56.6
21963.0,29.9,10.2,12.7,1.8,54.6
18520.0,29.6,8.6,12.5,2.9,53.6
17888.0,30.0,9.6,13.1,2.8,55.5
22050.0,29.3,9.8,12.6,2.4,54.1
23488.0,27.7,7.3,11.8,2.1,48.9
19510.0,26.4,9.5,10.9,2.6,49.4
22345.0,29.0,10.6,12.6,1.5,53.7
19321.0,26.8,8.6,10.5,2.9,48.8
20468.0,28.5,8.0,12.3,2.0,50.8
22448.0,28.7,10.1,11.6,1.9,52.3
21177.0,28.7,7.9,10.9,1.7,49.2
20406.0,29.7,11.7,13.1,2.8,57.3
22527.0,28.6,11.4,12.4,3.8,56.2
17419.0,29.9,13.0,12.0,4.8,59.7
17350.0,29.8,8.5,13.3,3.0,54.6
22654.0,28.2,8.8,12.5,2.1,51.6
19959.0,29.4,9.1,11.8,2.6,52.9
22313.0,28.2,9.0,13.4,1.5,52.1
22761.0,27.3,6.5,10.9,1.5,46.2
17285.0,31.6,10.9,13.4,2.9,58.8
22813.0,29.0,11.5,12.2,2.5,55.2
19346.0,28.6,10.1,12.8,3.2,54.7
31013.0,28.2,6.6,12.4,0.8,47.99999999999999
22863.0,27.7,11.6,13.2,1.9,54.4
26302.0,28.3,10.9,12.4,0.8,52.4
20634.0,29.3,8.5,12.8,2.2,52.8
22910.0,28.5,8.8,12.9,2.2,52.4
22103.0,28.1,8.0,11.1,2.7,49.900000000000006
19331.0,27.5,19.2,13.5,4.0,64.2
23017.0,32.5,8.9,14.1,0.8,56.3
21408.0,32.5,0.5,11.3,6.3,50.6
20296.0,29.0,10.2,12.0,2.0,53.2
23039.0,28.7,10.3,12.4,2.1,53.5
26248.0,28.0,8.2,10.4,2.3,48.9
19592.0,30.7,9.4,13.2,2.4,55.7
23068.0,29.7,11.9,12.4,2.0,56.0
20822.0,29.4,7.4,11.9,2.5,51.2
20759.0,29.2,9.5,12.7,2.5,53.900000000000006
23387.0,28.3,8.5,11.8,2.0,50.6
19579.0,29.7,9.0,13.2,3.0,54.900000000000006
21382.0,29.2,8.7,13.2,2.6,53.7
23839.0,28.2,9.9,12.4,2.6,53.1
22654.0,28.3,8.2,11.3,2.5,50.3
20737.0,28.6,8.1,11.2,6.1,54.00000000000001
20485.0,30.8,11.0,12.3,2.1,56.2
23915.0,29.6,13.1,13.9,2.8,59.4
21376.0,30.3,8.3,11.8,1.8,52.2
22224.0,29.0,7.6,12.1,2.1,50.8
24151.0,27.1,9.6,11.1,1.8,49.6
21292.0,27.3,9.5,10.9,1.8,49.49999999999999
19290.0,30.2,8.2,13.3,2.0,53.7
24189.0,28.5,9.5,12.2,1.8,52.0
21285.0,27.8,9.3,11.4,2.6,51.1
20365.0,29.5,7.4,12.1,1.6,50.6
24379.0,28.6,9.0,11.4,1.5,50.5
23325.0,27.9,7.8,11.0,1.6,48.3
20478.0,29.0,9.5,12.1,2.2,52.8
24718.0,28.0,9.0,12.3,2.0,51.3
23842.0,26.3,8.9,8.9,3.5,47.6
24970.0,28.3,11.3,11.2,0.8,51.6
19448.0,30.9,9.8,13.1,2.7,56.50000000000001
25075.0,30.0,9.8,12.2,1.9,53.9
21994.0,28.4,8.4,11.8,2.0,50.6
18919.0,27.8,4.3,13.5,0.4,46.0
25149.0,23.0,4.5,9.6,2.0,39.1
23502.0,27.1,10.6,8.0,4.1,49.8
21743.0,29.1,8.0,12.3,2.7,52.10000000000001
25262.0,27.6,9.1,11.8,1.8,50.3
26142.0,26.6,7.5,11.1,2.2,47.400000000000006
20427.0,30.6,8.7,13.4,2.5,55.2
25437.0,29.0,8.6,12.7,1.8,52.1
21648.0,28.7,8.6,11.3,2.4,50.99999999999999
20168.0,28.9,10.7,12.8,2.4,54.79999999999999
25512.0,28.1,10.2,11.8,1.9,51.99999999999999
22376.0,28.3,8.1,11.1,2.4,49.9
23617.0,27.8,8.0,11.7,1.2,48.7
25544.0,27.0,8.6,11.9,1.9,49.4
27106.0,25.9,8.0,11.2,2.3,47.39999999999999
22298.0,31.0,6.8,13.9,-0.3,51.4
25750.0,26.6,6.9,10.3,-0.1,43.7
23555.0,26.5,5.1,9.0,2.0,42.6
25730.0,28.7,6.5,12.7,1.9,49.8
25766.0,28.2,10.8,13.2,2.8,55.0
27422.0,26.3,7.5,11.0,1.5,46.3
22958.0,28.8,8.2,12.7,1.7,51.400000000000006
22779.0,28.9,8.3,12.1,1.8,51.1
23811.0,28.6,9.2,11.3,2.1,51.2
25923.0,26.8,9.4,11.5,1.6,49.3
30505.0,26.9,9.6,10.7,1.7,48.900000000000006
22177.0,29.6,7.9,12.7,2.3,52.5
26319.0,27.9,8.8,12.0,1.2,49.900000000000006
24488.0,28.0,7.9,11.1,1.7,48.7
20960.0,29.4,9.0,12.2,2.1,52.7
26346.0,28.6,8.5,11.9,1.1,50.1
23381.0,28.7,8.0,11.8,2.2,50.7
21963.0,30.7,9.4,13.7,2.8,56.6
26402.0,31.1,7.2,12.0,1.3,51.6
22651.0,29.2,7.1,12.1,2.3,50.7
23011.0,29.6,10.2,12.4,1.9,54.1
22714.0,28.2,7.0,11.8,1.5,48.5
26767.0,28.4,8.4,11.9,1.4,50.1
27212.0,28.1,8.3,11.5,2.3,50.2
23320.0,28.9,8.6,12.2,2.2,51.900000000000006
26882.0,27.3,9.1,12.0,2.2,50.6
26690.0,27.8,7.9,11.3,2.4,49.4
22356.0,29.4,7.9,12.2,2.0,51.5
26932.0,27.1,8.8,10.8,1.9,48.6
23915.0,28.9,9.2,12.4,2.6,53.1
27047.0,27.2,9.8,10.8,1.2,49.0
29362.0,26.2,6.4,11.1,2.4,46.1
21258.0,29.3,8.5,12.8,2.5,53.1
27201.0,28.7,8.8,11.9,1.6,51.0
24119.0,27.4,6.0,11.1,1.5,46.0
24933.0,29.1,8.7,11.7,2.1,51.6
27256.0,28.9,10.2,12.7,2.2,54.0
25104.0,28.9,8.0,11.5,2.7,51.1
23095.0,29.9,9.3,12.3,2.2,53.7
27265.0,27.9,8.0,11.8,1.3,49.0
25753.0,27.3,7.1,11.4,2.0,47.8
21588.0,30.1,9.2,12.3,1.8,53.39999999999999
27414.0,28.6,7.5,12.5,1.3,49.9
23685.0,27.9,8.3,11.8,2.1,50.1
28620.0,27.0,8.3,11.5,2.2,49.0
27513.0,27.9,9.2,12.5,1.8,51.39999999999999
23754.0,26.9,8.3,10.5,2.5,48.2
23090.0,28.3,7.8,12.3,2.7,51.10000000000001
27954.0,28.0,9.2,11.1,2.2,50.50000000000001
37351.0,24.4,8.4,10.0,2.0,44.8
23579.0,29.3,9.6,12.6,1.7,53.2
28011.0,28.8,8.9,12.1,1.1,50.900000000000006
21294.0,28.8,10.5,12.9,3.4,55.6
23080.0,30.0,8.6,12.9,2.0,53.5
28204.0,28.7,9.8,12.5,1.4,52.4
24345.0,28.1,7.9,11.1,2.5,49.6
22941.0,29.3,9.3,12.2,2.1,52.9
28347.0,29.8,8.5,12.6,1.9,52.8
24783.0,28.9,6.3,10.7,2.3,48.19999999999999
23307.0,29.7,9.2,12.4,2.8,54.1
28694.0,28.6,7.3,12.3,1.5,49.7
25252.0,27.8,7.0,11.3,2.2,48.3
25033.0,28.0,7.4,12.2,1.4,48.99999999999999
28724.0,26.1,8.8,11.6,1.3,47.8
28756.0,27.1,6.7,9.9,1.2,44.900000000000006
27352.0,27.8,7.3,11.6,1.9,48.6
28823.0,26.6,8.2,12.0,1.3,48.1
25269.0,27.8,7.1,11.2,2.1,48.2
24548.0,28.9,7.9,11.6,2.2,50.6
28923.0,28.6,8.6,10.6,0.6,48.400000000000006
22120.0,28.9,8.0,11.4,5.2,53.5
27620.0,27.2,7.9,11.8,1.4,48.3
29080.0,26.8,7.9,11.6,0.7,47.00000000000001
29077.0,28.0,6.7,11.5,1.7,47.900000000000006
35588.0,28.0,9.8,11.7,1.7,51.2
29145.0,27.1,11.9,12.5,2.1,53.6
31354.0,27.4,12.5,11.3,2.0,53.2
23553.0,29.6,8.3,13.1,2.2,53.20000000000001
29149.0,28.7,9.4,12.2,1.6,51.9
24951.0,28.9,7.6,12.2,2.0,50.7
30150.0,29.8,8.2,12.2,3.0,53.2
29192.0,28.4,8.8,12.0,1.1,50.3
26704.0,27.0,8.9,11.4,3.6,50.9
20918.0,28.9,9.8,13.2,2.9,54.8
29286.0,27.2,8.8,13.1,1.8,50.9
23895.0,28.1,9.7,11.3,1.9,50.99999999999999
29411.0,28.1,9.8,11.1,2.0,51.00000000000001
29714.0,28.1,9.5,10.6,1.4,49.6
23613.0,28.9,8.4,12.5,2.4,52.2
29422.0,28.5,8.3,12.2,1.3,50.3
24646.0,28.4,7.8,11.6,2.1,49.9
26280.0,28.8,9.0,11.7,2.2,51.7
29522.0,28.1,9.5,10.7,2.2,50.5
32318.0,25.9,9.9,10.8,2.4,48.99999999999999
26044.0,27.8,7.9,12.0,1.8,49.5
29603.0,27.6,8.9,11.9,2.0,50.4
33367.0,26.5,6.8,10.7,1.9,45.9
25297.0,28.9,9.4,12.5,2.6,53.4
29740.0,29.1,8.9,12.1,1.8,51.9
25364.0,28.6,8.7,12.5,3.1,52.9
26159.0,27.7,8.1,12.0,1.6,49.4
29811.0,28.7,9.3,11.7,1.3,51.0
30385.0,27.0,5.9,10.6,1.7,45.2
37413.0,27.5,4.2,11.8,1.9,45.4
29817.0,25.6,14.1,10.7,3.4,53.8
12079.0,30.1,11.5,12.4,4.0,58.0
28574.0,27.3,7.8,11.9,2.0,49.0
29843.0,27.3,7.9,10.6,1.5,47.3
30557.0,27.4,7.6,10.7,1.2,46.900000000000006
26399.0,26.9,8.6,11.7,1.2,48.400000000000006
29862.0,26.7,8.9,11.9,2.2,49.7
34464.0,25.6,4.2,10.5,1.6,41.9
26828.0,28.3,7.1,12.1,1.8,49.3
30088.0,27.5,7.2,11.4,1.2,47.3
29430.0,27.5,6.8,11.6,1.7,47.6
35127.0,27.6,7.5,11.8,2.2,49.10000000000001
30238.0,27.4,10.6,12.0,1.3,51.3
27750.0,25.8,8.6,10.2,2.0,46.6
24978.0,29.3,10.0,11.9,1.7,52.9
30306.0,28.5,8.4,12.6,1.5,51.0
25637.0,28.1,8.2,11.3,1.8,49.39999999999999
25536.0,29.0,8.1,12.4,1.8,51.3
30408.0,28.9,9.1,12.1,1.8,51.9
28646.0,27.4,7.8,11.0,2.1,48.3
29271.0,27.7,7.1,12.1,2.3,49.2
30638.0,28.1,7.0,11.5,0.8,47.4
32175.0,26.2,6.1,9.7,1.6,43.6
33784.0,24.4,6.2,10.3,0.2,41.1
30740.0,26.9,10.7,11.4,8.5,57.49999999999999
27637.0,27.8,8.6,11.7,1.7,49.8
30827.0,27.2,9.4,11.8,1.6,50.00000000000001
30692.0,27.1,8.6,11.7,2.5,49.900000000000006
27450.0,28.4,8.3,11.2,1.4,49.3
27028.0,28.0,7.1,11.9,1.4,48.4
30880.0,26.0,9.3,10.9,1.5,47.7
27680.0,27.0,8.0,11.3,2.0,48.3
27841.0,27.0,6.4,11.2,1.9,46.49999999999999
30940.0,26.4,8.9,11.3,1.3,47.89999999999999
30003.0,26.1,6.8,10.5,2.5,45.9
26961.0,29.4,7.6,11.9,1.8,50.7
31020.0,27.3,8.8,11.6,2.5,50.2
22331.0,29.8,7.8,11.6,2.0,51.2
29998.0,25.0,10.0,13.9,2.7,51.6
28183.0,27.4,6.6,12.3,1.3,47.6
31546.0,28.8,8.3,12.1,0.8,50.0
33257.0,25.5,8.3,10.3,1.7,45.8
31457.0,27.3,7.5,11.0,1.1,46.9
31566.0,26.8,8.7,10.9,1.2,47.6
33628.0,26.7,8.2,10.1,1.3,46.3
28321.0,28.9,7.7,12.3,2.2,51.10000000000001
32003.0,28.5,7.3,12.0,1.6,49.4
28686.0,27.3,6.7,11.0,1.9,46.9
28966.0,28.9,6.4,12.1,1.9,49.3
32382.0,28.8,7.3,12.4,1.8,50.3
30147.0,27.8,7.1,11.0,1.6,47.5
29260.0,29.3,7.4,12.2,1.7,50.60000000000001
29798.0,28.7,7.6,12.4,2.0,50.7
32878.0,27.1,10.2,12.2,1.7,51.2
34681.0,26.0,5.8,10.5,2.1,44.4
26123.0,29.4,8.8,13.1,2.2,53.50000000000001
32883.0,29.4,7.8,11.2,1.9,50.29999999999999
26085.0,28.0,8.6,11.8,1.9,50.3
26113.0,30.2,9.4,12.5,2.4,54.5
33116.0,28.6,7.3,12.3,1.1,49.3
24923.0,28.0,8.6,11.9,1.9,50.4
28878.0,27.4,11.3,12.3,3.4,54.4
33174.0,25.9,10.5,11.8,3.3,51.5
30123.0,28.9,14.3,12.7,5.7,61.60000000000001
27252.0,28.3,7.4,12.0,1.3,49.0
33179.0,28.0,7.2,11.9,1.0,48.1
26785.0,27.4,6.8,12.0,2.5,48.7
31141.0,27.6,7.7,12.0,1.3,48.6
33276.0,28.2,6.8,12.6,1.0,48.6
29245.0,27.0,6.0,10.8,2.4,46.2
27752.0,28.9,3.2,11.2,0.4,43.7
33303.0,19.8,6.9,8.6,0.0,35.300000000000004
25758.0,25.2,1.7,10.3,-0.5,36.7
28642.0,29.0,7.4,12.0,1.9,50.3
30726.0,27.4,9.0,13.9,3.1,53.4
33666.0,25.8,6.3,11.0,1.2,44.3
32276.0,26.0,11.8,11.4,3.6,52.8
21470.0,29.2,12.1,12.4,3.7,57.4
33682.0,27.2,8.5,13.3,1.5,50.5
40410.0,23.0,8.4,9.3,3.3,44.0
28258.0,29.4,8.0,12.3,1.8,51.5
33978.0,28.2,7.9,12.3,1.5,49.900000000000006
27035.0,27.3,6.1,11.8,2.6,47.8
31010.0,26.5,8.0,12.4,2.6,49.5
31917.0,26.7,6.0,11.6,1.3,45.6
34228.0,24.7,7.3,10.7,1.4,44.1
33753.0,25.0,5.6,10.0,2.1,42.7
30784.0,27.9,5.9,11.3,1.4,46.49999999999999
34441.0,26.7,9.4,10.4,1.5,48.0
31743.0,27.1,7.7,10.8,2.2,47.80000000000001
30804.0,27.7,5.8,11.7,1.5,46.7
34607.0,25.7,6.2,10.6,1.8,44.3
38398.0,25.4,5.6,9.2,1.7,41.900000000000006
30456.0,26.9,6.2,11.8,1.1,46.00000000000001
34688.0,25.8,6.1,11.1,1.5,44.5
32529.0,25.8,5.4,10.0,1.7,42.900000000000006
30600.0,27.4,9.8,12.3,2.2,51.7
34745.0,27.8,9.0,11.4,1.7,49.9
30311.0,28.0,5.3,11.5,1.5,46.3
32946.0,27.7,6.4,11.6,1.6,47.3
35072.0,26.4,7.7,11.8,1.4,47.3
37337.0,26.1,6.7,10.7,1.5,45.0
32002.0,28.0,6.8,11.6,1.9,48.3
31187.0,27.5,6.4,11.6,1.4,46.9
35090.0,26.7,5.8,11.2,0.8,44.5
33786.0,26.2,6.3,10.7,2.0,45.2
32478.0,28.7,6.5,11.9,1.6,48.7
35256.0,28.2,7.4,11.4,1.3,48.3
33800.0,26.9,5.1,10.8,1.8,44.6
38376.0,25.7,4.5,11.0,1.0,42.2
35378.0,24.1,6.3,10.8,0.9,42.1
30317.0,26.3,7.2,11.9,1.7,47.1
29410.0,29.1,7.1,12.0,1.4,49.6
35672.0,27.1,5.7,11.4,1.0,45.2
28305.0,26.6,7.0,11.1,1.9,46.6
31687.0,27.8,8.1,11.4,2.3,49.6
35772.0,27.0,7.7,11.2,1.4,47.3
35291.0,26.6,5.5,10.1,1.3,43.5
32582.0,28.7,8.4,12.4,2.8,52.3
35859.0,26.6,7.8,11.0,2.3,47.7
28344.0,28.1,6.9,11.0,2.0,48.0
36333.0,27.9,6.9,11.6,2.0,48.4
36289.0,27.2,8.0,11.2,1.7,48.10000000000001
35153.0,26.4,8.4,10.6,2.7,48.1
37268.0,28.2,6.7,11.5,1.4,47.8
40699.0,26.3,6.0,10.8,1.9,44.99999999999999
36925.0,25.8,6.8,11.2,1.0,44.8
38408.0,24.3,7.4,9.6,2.2,43.50000000000001
32328.0,29.4,7.8,12.1,1.8,51.1
37006.0,28.4,7.3,11.2,0.8,47.69999999999999
29242.0,27.3,6.8,11.6,1.3,47.0
32745.0,27.9,6.6,10.9,1.8,47.2
37098.0,29.2,7.7,10.7,0.6,48.2
34368.0,24.4,4.6,11.1,2.4,42.5
33527.0,28.1,9.0,11.6,1.7,50.400000000000006
37246.0,25.7,8.7,11.7,1.3,47.39999999999999
39301.0,26.0,6.0,10.5,1.4,43.9
32038.0,29.4,8.1,12.3,2.3,52.1
37276.0,29.4,6.7,11.5,1.2,48.8
29635.0,27.2,6.3,11.5,1.8,46.8
31788.0,26.5,5.6,10.9,0.8,43.8
37606.0,26.0,7.9,10.9,1.0,45.8
37518.0,24.9,6.4,9.8,2.5,43.6
32800.0,27.0,6.5,11.6,1.0,46.1
38078.0,24.7,6.2,10.5,0.9,42.3
38486.0,25.1,4.2,9.6,1.4,40.3
27385.0,28.6,7.0,11.3,1.2,48.10000000000001
33735.0,27.9,6.4,11.9,1.5,47.7
38104.0,26.3,6.0,10.9,1.6,44.8
35374.0,26.9,5.3,10.4,2.0,44.6
34132.0,30.4,6.7,12.6,1.6,51.3
38106.0,27.8,6.1,12.7,2.6,49.2
30496.0,26.0,7.0,10.2,2.5,45.7
34417.0,28.8,7.2,12.2,1.7,49.900000000000006
38121.0,28.0,8.4,10.6,1.2,48.2
33810.0,27.8,7.5,11.5,1.7,48.5
42282.0,29.3,11.7,11.3,2.5,54.8
38326.0,26.2,12.4,11.8,2.6,53.00000000000001
43195.0,27.4,9.2,11.8,1.9,50.29999999999999
38085.0,26.5,5.5,11.7,1.8,45.5
38345.0,25.2,7.1,11.0,1.1,44.4
41137.0,26.4,8.1,10.9,1.7,47.1
35872.0,26.4,5.4,11.8,1.1,44.7
38893.0,26.6,5.5,11.0,0.7,43.8
37318.0,25.1,4.7,10.3,1.8,41.9
43490.0,27.5,9.3,11.3,2.0,50.1
39080.0,27.0,8.3,11.3,2.2,48.8
23904.0,28.0,11.3,11.1,2.8,53.2
35841.0,28.7,6.2,11.7,1.5,48.1
39155.0,25.4,7.9,10.4,1.4,45.1
38625.0,26.8,5.9,10.7,1.4,44.8
33383.0,28.3,6.0,11.6,1.5,47.4
39157.0,27.5,5.7,11.4,0.9,45.5
35330.0,26.1,6.2,10.7,1.4,44.4
44619.0,24.9,4.8,10.3,1.4,41.4
39316.0,27.0,6.2,11.0,1.4,45.6
37446.0,26.4,5.5,9.9,1.8,43.6
33963.0,27.2,6.5,11.2,1.7,46.60000000000001
39354.0,26.7,6.4,10.9,1.5,45.5
35177.0,25.6,5.4,10.2,1.4,42.6
36824.0,27.2,6.1,11.8,1.5,46.6
39528.0,26.6,6.5,10.4,1.1,44.6
38112.0,25.0,6.3,9.9,1.4,42.6
41454.0,26.5,5.6,11.1,0.8,44.0
39568.0,24.6,4.3,10.3,0.9,40.1
40412.0,25.0,4.9,8.7,0.4,38.99999999999999
33278.0,28.2,6.0,11.4,0.9,46.5
39660.0,26.0,7.0,10.8,0.8,44.6
36061.0,25.5,6.0,10.7,1.1,43.3
37849.0,26.8,6.8,11.5,1.3,46.4
39741.0,27.8,8.2,11.6,0.5,48.1
32388.0,24.9,6.1,10.7,2.4,44.1
34522.0,27.4,5.8,11.5,1.3,45.99999999999999
43726.0,26.5,6.4,10.9,1.1,44.9
39920.0,26.4,9.5,10.2,1.2,47.3
43153.0,27.0,6.0,10.2,1.1,44.3
40008.0,26.7,6.4,10.9,1.3,45.3
39975.0,26.6,8.7,10.2,1.6,47.1
26621.0,27.5,8.7,10.5,2.3,49.0
36075.0,28.0,5.8,11.4,2.0,47.2
40177.0,27.2,6.5,11.0,1.2,45.900000000000006
36346.0,26.9,6.1,10.8,1.1,44.9
41647.0,25.6,5.1,11.0,1.2,42.900000000000006
40187.0,25.0,6.9,9.8,1.6,43.3
40453.0,25.7,4.7,9.5,0.8,40.7
37257.0,29.3,5.8,12.4,1.6,49.1
40663.0,27.4,5.6,11.1,0.9,45.0
32074.0,26.9,4.6,11.3,1.9,44.7
35300.0,28.2,7.2,10.3,1.9,47.6
40798.0,27.3,7.2,11.5,0.8,46.8
45055.0,22.9,6.9,9.8,3.6,43.2
74245.0,26.0,3.0,10.5,0.0,39.5
40910.0,24.0,1.8,5.3,2.5,33.6
96589.0,15.3,0.0,0.3,2.5,18.1
41099.0,26.6,5.2,11.3,1.1,44.2
41160.0,27.9,9.5,12.1,2.0,51.5
47781.0,26.9,7.3,10.2,1.3,45.69999999999999
35607.0,27.3,5.3,11.9,1.5,46.0
41564.0,25.2,5.1,10.7,0.6,41.6
37731.0,25.1,4.1,9.7,1.7,40.60000000000001
36178.0,27.4,6.2,11.8,1.0,46.400000000000006
40411.0,27.1,6.6,11.9,1.5,47.1
42675.0,25.9,7.6,10.5,2.2,46.2
39788.0,24.0,6.5,10.3,1.6,42.4
39621.0,27.2,6.1,12.2,1.4,46.9
42724.0,26.9,8.1,11.3,1.0,47.3
33744.0,26.9,6.5,10.7,2.0,46.1
36422.0,27.6,8.0,11.7,1.6,48.9
38711.0,26.7,4.3,10.2,0.9,42.1
43010.0,26.1,4.5,11.6,0.9,43.1
44133.0,25.1,5.6,10.5,1.8,43.0
46624.0,26.8,5.6,11.5,1.3,45.2
43296.0,26.5,6.9,12.3,0.6,46.3
44366.0,25.6,5.2,10.4,0.8,42.0
44349.0,25.0,6.5,11.8,0.9,44.2
43323.0,25.1,5.9,11.1,1.8,43.9
38915.0,23.2,5.3,10.6,1.3,40.4
40824.0,27.7,5.2,12.5,1.5,46.9
43357.0,24.0,5.1,9.6,0.8,39.5
49554.0,25.3,8.6,10.4,2.3,46.6
39499.0,26.4,7.8,12.7,2.1,48.99999999999999
40044.0,27.4,7.2,11.3,2.3,48.2
43611.0,26.8,7.2,11.1,-0.1,45.0
42121.0,27.1,5.3,11.1,1.4,44.9
43701.0,27.5,4.4,11.5,1.3,44.7
38459.0,26.1,4.6,11.0,1.3,43.0
36832.0,26.6,6.7,12.5,0.9,46.7
43790.0,26.5,6.3,11.1,1.0,44.9
37420.0,27.2,4.9,11.6,0.9,44.6
43437.0,26.1,6.2,10.7,1.2,44.2
44134.0,25.4,6.7,10.5,0.9,43.5
44489.0,23.6,5.2,9.4,1.4,39.6
39352.0,27.8,6.9,11.8,1.6,48.1
44195.0,27.0,5.3,11.2,0.6,44.1
38043.0,25.8,5.4,11.0,1.7,43.900000000000006
45412.0,27.2,4.5,10.9,1.0,43.6
44266.0,26.7,5.6,11.1,0.4,43.8
38972.0,26.3,6.4,10.2,1.6,44.50000000000001
45462.0,25.6,5.0,9.7,1.2,41.5
44307.0,23.2,5.0,10.4,0.4,39.0
41644.0,26.9,7.5,10.5,1.2,46.1
44593.0,22.8,7.6,9.5,1.8,41.7
48097.0,22.8,5.1,10.2,1.0,39.1
39429.0,27.7,6.1,12.2,1.4,47.4
44709.0,27.6,4.9,11.7,0.6,44.8
39411.0,25.8,4.3,11.0,1.6,42.7
39288.0,27.3,5.9,11.1,0.9,45.2
44904.0,25.5,6.3,11.2,0.9,43.9
43256.0,24.6,4.3,9.7,1.2,39.8
52474.0,24.8,5.3,11.2,1.1,42.4
44950.0,25.2,6.7,11.2,1.5,44.6
43707.0,24.0,6.1,9.5,1.2,40.8
38742.0,27.5,7.0,11.4,1.4,47.3
45190.0,26.9,9.9,9.6,1.7,48.1
34231.0,25.7,4.7,9.9,0.9,41.2
69956.0,24.6,5.1,10.1,1.6,41.400000000000006
45266.0,26.9,5.4,10.4,0.5,43.2
40226.0,24.5,5.0,10.2,1.0,40.7
39956.0,27.5,7.8,11.9,1.6,48.8
40172.0,27.4,5.9,11.3,1.8,46.39999999999999
44021.0,27.4,6.1,11.0,1.5,46.0
45565.0,26.1,6.2,10.6,1.2,44.10000000000001
47416.0,24.5,5.5,9.3,1.4,40.7
40464.0,28.8,5.6,11.8,2.2,48.400000000000006
45662.0,24.3,8.5,7.6,2.9,43.3
40061.0,25.6,7.0,9.3,0.3,42.2
44082.0,27.3,7.9,11.5,2.0,48.7
45797.0,25.2,6.5,10.0,0.9,42.6
41980.0,26.3,5.1,10.0,2.2,43.6
44486.0,27.0,5.9,11.1,1.2,45.2
46288.0,25.9,7.1,10.8,1.7,45.5
46988.0,25.5,4.5,9.9,1.6,41.5
41576.0,26.9,7.8,11.3,1.3,47.3
46429.0,26.0,5.6,10.6,1.1,43.3
41000.0,24.8,5.3,10.2,1.3,41.6
44352.0,26.1,5.4,11.4,1.4,44.3
46769.0,25.5,5.8,10.5,1.6,43.4
45383.0,25.2,5.4,9.6,1.5,41.7
40328.0,27.1,6.5,11.4,1.3,46.3
46827.0,26.4,5.6,11.5,0.7,44.2
41569.0,25.3,4.2,10.3,1.5,41.3
51867.0,26.3,6.1,10.5,1.7,44.6
47989.0,27.2,7.3,10.6,1.6,46.7
47894.0,25.1,6.7,9.5,2.8,44.1
46345.0,27.6,6.4,10.9,1.7,46.6
48353.0,26.3,8.4,10.6,1.4,46.7
33713.0,27.7,8.4,10.8,2.3,49.2
40412.0,27.1,6.3,11.4,1.4,46.2
48547.0,25.5,6.7,10.3,1.3,43.8
46684.0,25.3,7.3,9.3,1.7,43.60000000000001
44389.0,26.5,6.5,11.2,1.9,46.1
48819.0,26.4,5.9,10.2,0.4,42.9
50468.0,26.9,6.4,10.5,1.9,45.7
46853.0,26.4,7.1,11.1,1.6,46.2
49388.0,25.5,7.8,10.4,1.0,44.7
26548.0,27.2,8.3,10.1,3.6,49.2
71192.0,25.4,4.1,10.5,1.3,41.3
49466.0,24.7,6.2,9.6,1.5,42.0
45986.0,23.0,6.2,9.0,1.9,40.1
44418.0,27.3,5.4,11.5,1.2,45.400000000000006
49500.0,26.1,5.8,11.0,0.8,43.7
43218.0,24.5,4.6,10.4,1.2,40.7
45054.0,27.4,5.3,11.2,1.3,45.19999999999999
49521.0,27.6,5.5,11.6,1.3,46.0
42752.0,25.4,4.6,9.9,1.4,41.3
38746.0,28.7,8.5,12.9,1.8,51.9
45398.0,26.3,5.9,11.1,0.9,44.2
49940.0,26.1,6.4,11.0,0.8,44.3
44329.0,24.8,4.5,10.1,2.0,41.4
43629.0,26.4,5.6,11.3,1.1,44.4
50135.0,24.9,5.3,10.9,0.9,42.0
46632.0,24.4,4.3,9.6,1.1,39.4
47258.0,26.5,3.8,7.8,0.8,38.9
50289.0,20.8,1.3,5.3,1.0,28.4
48248.0,25.4,5.8,10.6,0.9,42.7
50292.0,22.9,4.9,9.6,1.6,39.0
48982.0,22.1,5.2,9.2,1.4,37.9
48440.0,25.7,4.1,10.4,1.2,41.4
50537.0,25.8,4.9,10.0,0.8,41.5
50059.0,24.4,5.4,9.8,1.0,40.6
152676.0,19.3,4.1,7.9,0.2,31.5
50705.0,25.3,5.2,11.0,0.6,42.1
51230.0,24.8,6.1,10.3,1.1,42.3
45041.0,26.6,5.6,11.3,1.1,44.6
50805.0,25.8,5.5,10.6,0.5,42.4
47068.0,24.9,4.2,10.2,1.1,40.4
47485.0,26.9,6.3,11.8,1.5,46.5
50881.0,26.4,7.2,11.3,1.2,46.10000000000001
41671.0,26.0,6.5,10.7,1.9,45.1
46077.0,25.1,5.2,9.9,1.6,41.8
